Tender_No,Railway_Name,Opening_Date,Tender_Nature,Awarded_To,L1_Price,Basic_Amount,Quantity,Material_Type,Comp_A,Comp_B,Comp_C,Comp_D,Comp_E,Comp_F,Comp_G,Comp_H,Comp_I,Comp_J,Comp_K,Comp_L,Bid_Success,Price_Difference
55051,KHARAGPUR DIVISION-ENGG/SOUTH EASTERN RLY,4/17/2023,Execution,Comp_A,2144.0,1816.6,3063,R260,2144.0,0.0,2475.0,0.0,0.0,0,0,0.0,0.0,0,0.0,0.0,0,327.4000000000001
55051,KHARAGPUR DIVISION-ENGG/SOUTH EASTERN RLY,4/17/2023,Execution,Comp_A,2511.0,2127.7,2031,60 Kg,2511.0,0.0,2475.0,0.0,0.0,0,0,0.0,0.0,0,0.0,0.0,0,383.3000000000002
55052,NAGPUR CR DIVISION-ENGINEERING/CENTRAL RLY,4/24/2023,Execution,Comp_B,3797.0,3217.7,200,R260,4456.0,3797.0,4299.0,0.0,0.0,0,0,0.0,0.0,0,0.0,0.0,0,579.3000000000002
55052,NAGPUR CR DIVISION-ENGINEERING/CENTRAL RLY,4/24/2023,Execution,Comp_B,3797.0,3217.7,200,52 Kg,4456.0,3797.0,4299.0,0.0,0.0,0,0,0.0,0.0,0,0.0,0.0,0,579.3000000000002
55052,NAGPUR CR DIVISION-ENGINEERING/CENTRAL RLY,4/24/2023,Execution,Comp_B,5199.0,4405.5,1500,60 kg,6101.0,5199.0,5886.0,0.0,0.0,0,0,0.0,0.0,0,0.0,0.0,0,793.5
55052,NAGPUR CR DIVISION-ENGINEERING/CENTRAL RLY,4/24/2023,Execution,Comp_B,5118.0,4336.9,1000,R260,6006.0,5118.0,5794.0,0.0,0.0,0,0,0.0,0.0,0,0.0,0.0,0,781.1000000000004
55052,NAGPUR CR DIVISION-ENGINEERING/CENTRAL RLY,4/24/2023,Execution,Comp_B,5118.0,4336.9,500,52 Kg,6006.0,5118.0,5794.0,0.0,0.0,0,0,0.0,0.0,0,0.0,0.0,0,781.1000000000004
55052,NAGPUR CR DIVISION-ENGINEERING/CENTRAL RLY,4/24/2023,Execution,Comp_B,3859.0,3270.2,200,60 Kg,4529.0,3859.0,4369.0,0.0,0.0,0,0,0.0,0.0,0,0.0,0.0,0,588.8000000000002
55053,TINSUKIA DIVISION-ENGINEERING/N F RLY,4/26/2023,Supply,Comp_C,2262.0,1917.0,200,60 Kg,2892.55,0.0,2261.77,2857.7,0.0,0,0,0.0,0.0,0,0.0,0.0,0,345.0
55053,TINSUKIA DIVISION-ENGINEERING/N F RLY,4/26/2023,Supply,Comp_C,2181.0,1848.0,302,52 Kg,2788.0,0.0,2180.64,2755.2,0.0,0,0,0.0,0.0,0,0.0,0.0,0,333.0
55054,DDU DIVISION-ENGINEERING/EAST CENTRAL RLY,4/27/2023,Supervision,Comp_B,1895.0,1606.0,1551,R260,2560.0,1895.0,2395.0,2241.0,0.0,0,0,0.0,0.0,0,0.0,0.0,0,289.0
55055,PALAKKAD DIVISION-ENGINEERING/SOUTHERN RLY,5/2/2023,Supply,Comp_C,1800.0,1525.7,16,52 Kg,2587.0,0.0,1800.0,0.0,0.0,0,0,4065.0,0.0,0,0.0,0.0,0,274.29999999999995
55055,PALAKKAD DIVISION-ENGINEERING/SOUTHERN RLY,5/2/2023,Supply,Comp_C,2033.0,1722.6,3108,R260,2921.0,0.0,2033.0,0.0,0.0,0,0,4590.0,0.0,0,0.0,0.0,0,310.4000000000001
55056,NAGPUR CR DIVISION-ENGINEERING/CENTRAL RLY,5/2/2023,Execution,Comp_A,3827.0,3243.2,200,60 Kg,3827.0,4273.0,4529.0,0.0,0.0,0,0,0.0,0.0,0,0.0,0.0,0,583.8000000000002
55056,NAGPUR CR DIVISION-ENGINEERING/CENTRAL RLY,5/2/2023,Execution,Comp_A,3766.0,3191.1,200,52 Kg,3766.0,4205.0,4456.0,0.0,0.0,0,0,0.0,0.0,0,0.0,0.0,0,574.9000000000001
55056,NAGPUR CR DIVISION-ENGINEERING/CENTRAL RLY,5/2/2023,Execution,Comp_A,5156.0,4369.1,1500,60 Kg,5156.0,5757.0,6101.0,0.0,0.0,0,0,0.0,0.0,0,0.0,0.0,0,786.8999999999996
55056,NAGPUR CR DIVISION-ENGINEERING/CENTRAL RLY,5/2/2023,Execution,Comp_A,5075.0,4301.1,1000,R260,5075.0,5667.0,6006.0,0.0,0.0,0,0,0.0,0.0,0,0.0,0.0,0,773.8999999999996
55056,NAGPUR CR DIVISION-ENGINEERING/CENTRAL RLY,5/2/2023,Execution,Comp_A,5075.0,4301.1,500,52 Kg,5075.0,5667.0,6006.0,0.0,0.0,0,0,0.0,0.0,0,0.0,0.0,0,773.8999999999996
55056,NAGPUR CR DIVISION-ENGINEERING/CENTRAL RLY,5/2/2023,Execution,Comp_A,3766.0,3191.1,200,R260,3766.0,4205.0,4456.0,0.0,0.0,0,0,0.0,0.0,0,0.0,0.0,0,574.9000000000001
55057,SAMBALPUR DIVN-ENGG/ECOR,5/12/2023,Supply,Comp_C,2253.0,1909.5,1160,60 Kg,3371.0,0.0,2253.0,3258.0,0.0,0,0,0.0,0.0,0,0.0,0.0,0,343.5
55057,SAMBALPUR DIVN-ENGG/ECOR,5/12/2023,Supply,Comp_C,2100.0,1779.7,1765,R260,3142.0,0.0,2100.0,3036.0,0.0,0,0,0.0,0.0,0,0.0,0.0,0,320.29999999999995
55058,HOWRAH DIVISION-ENGG/EASTERN RLY,5/18/2023,Supply,Comp_B,1556.0,1319.0,10000,R260,2098.38,1555.98,1642.67,1781.5,0.0,0,0,0.0,0.0,0,0.0,0.0,0,237.0
55058,HOWRAH DIVISION-ENGG/EASTERN RLY,5/18/2023,Supply,Comp_B,1772.0,1502.0,2000,52 Kg,2390.0,1772.26,1871.0,2029.13,0.0,0,0,0.0,0.0,0,0.0,0.0,0,270.0
55058,HOWRAH DIVISION-ENGG/EASTERN RLY,5/18/2023,Supply,Comp_B,1878.0,1592.0,2000,60 Kg,2533.0,1878.02,1983.0,2150.21,0.0,0,0,0.0,0.0,0,0.0,0.0,0,286.0
55059,AGRA DIVISION-ENGINEERING/NORTH CENTRAL RLY,5/22/2023,Execution,Comp_D,2582.0,2188.0,30,60 Kg,3908.0,3735.48,3643.0,2581.71,0.0,0,0,0.0,0.0,0,0.0,0.0,0,394.0
55059,AGRA DIVISION-ENGINEERING/NORTH CENTRAL RLY,5/22/2023,Supply,Comp_D,1727.0,1463.0,1000,60 Kg,2614.0,2498.47,2437.0,1726.78,0.0,0,0,0.0,0.0,0,0.0,0.0,0,264.0
55059,AGRA DIVISION-ENGINEERING/NORTH CENTRAL RLY,5/22/2023,Supply,Comp_D,1625.0,1377.0,500,52 Kg,2459.0,2350.99,2293.0,1624.85,0.0,0,0,0.0,0.0,0,0.0,0.0,0,248.0
55059,AGRA DIVISION-ENGINEERING/NORTH CENTRAL RLY,5/22/2023,Execution,Comp_D,3518.0,2981.0,1000,60 Kg,5325.0,5089.77,4964.0,3517.71,0.0,0,0,0.0,0.0,0,0.0,0.0,0,537.0
55059,AGRA DIVISION-ENGINEERING/NORTH CENTRAL RLY,5/22/2023,Execution,Comp_D,3406.0,2886.0,1500,52 Kg,5155.0,4927.52,4805.0,3405.58,0.0,0,0,0.0,0.0,0,0.0,0.0,0,520.0
55059,AGRA DIVISION-ENGINEERING/NORTH CENTRAL RLY,5/22/2023,Execution,Comp_D,2445.0,2072.0,30,52 Kg,3701.0,3537.42,3450.0,2444.83,0.0,0,0,0.0,0.0,0,0.0,0.0,0,373.0
55060,RATLAM DIVISION-ENGINEERING/WESTERN RLY,5/24/2023,Supply,Comp_C,2728.0,2312.0,800,60 Kg,3061.0,0.0,2728.0,0.0,0.0,0,0,0.0,0.0,0,0.0,0.0,0,416.0
55060,RATLAM DIVISION-ENGINEERING/WESTERN RLY,5/24/2023,Supply,Comp_C,2878.0,2439.0,1973,R260,3229.27,0.0,2878.0,0.0,0.0,0,0,0.0,0.0,0,0.0,0.0,0,439.0
55060,RATLAM DIVISION-ENGINEERING/WESTERN RLY,5/24/2023,Execution,Comp_C,4807.0,4074.0,800,60 Kg,5394.0,0.0,4807.0,0.0,0.0,0,0,0.0,0.0,0,0.0,0.0,0,733.0
55060,RATLAM DIVISION-ENGINEERING/WESTERN RLY,5/24/2023,Execution,Comp_C,4973.0,4215.0,1685,60 Kg,5580.57,0.0,4973.0,0.0,0.0,0,0,0.0,0.0,0,0.0,0.0,0,758.0
55061,PRAYAGRAJ DIVISION-ENGG/NORTH CENTRAL RLY,5/24/2023,Supply,Comp_D,1827.0,1548.0,4200,R260,2388.57,0.0,1977.09,1826.9,0.0,0,0,0.0,0.0,0,0.0,0.0,0,279.0
55061,PRAYAGRAJ DIVISION-ENGG/NORTH CENTRAL RLY,5/24/2023,Supply,Comp_D,3005.0,2547.0,2100,60 Kg,3093.0,0.0,3252.0,3005.27,0.0,0,0,0.0,0.0,0,0.0,0.0,0,458.0
55062,NAGPUR-SECR-DIVISION-ENGINEERING/SOUTH EAST CENTRAL RLY,5/31/2023,Execution,Comp_A,2408.0,2040.0,2500,60 Kg,2407.66,0.0,2904.17,0.0,0.0,0,0,0.0,0.0,0,0.0,0.0,0,368.0
55062,NAGPUR-SECR-DIVISION-ENGINEERING/SOUTH EAST CENTRAL RLY,5/31/2023,Execution,Comp_A,2888.0,2448.0,3000,R260,2888.3,0.0,3483.94,0.0,0.0,0,0,0.0,0.0,0,0.0,0.0,0,440.0
55062,NAGPUR-SECR-DIVISION-ENGINEERING/SOUTH EAST CENTRAL RLY,5/31/2023,Execution,Comp_A,2311.0,1958.0,1200,52 Kg,2310.5,0.0,2786.98,0.0,0.0,0,0,0.0,0.0,0,0.0,0.0,0,353.0
55063,KHURDA ROAD DIVISION-ENGINEERING/ECOR,6/16/2023,Supply,Comp_A,2118.0,1794.7,1350,R260,2117.8,1875.13,2029.77,2207.14,0.0,0,0,0.0,0.0,0,0.0,0.0,0,323.29999999999995
55063,KHURDA ROAD DIVISION-ENGINEERING/ECOR,6/16/2023,Supply,Comp_A,2009.0,1702.2,1200,60 Kg,2008.6,2217.28,2400.14,2609.87,0.0,0,0,0.0,0.0,0,0.0,0.0,0,306.79999999999995
55064,KHARAGPUR DIVISION-ENGG/SOUTH EASTERN RLY,6/22/2023,Supply,Comp_E,2068.0,1752.6,1118,R260,2247.26,0.0,2349.97,2359.85,2068.03,0,0,0.0,0.0,0,0.0,0.0,0,315.4000000000001
55064,KHARAGPUR DIVISION-ENGG/SOUTH EASTERN RLY,6/22/2023,Execution,Comp_E,3050.0,2584.6,415,60 Kg,5027.22,0.0,2350.06,3152.4,3049.85,0,0,0.0,0.0,0,0.0,0.0,0,465.4000000000001
55065,AHMEDABAD DIVISION-ENGINEERING/WESTERN RLY,6/27/2023,Execution,Comp_A,4523.0,3833.0,1301,R260,4522.94,0.0,4635.69,4847.44,0.0,0,0,0.0,0.0,0,0.0,0.0,0,690.0
55065,AHMEDABAD DIVISION-ENGINEERING/WESTERN RLY,6/27/2023,Supply,Comp_A,2617.0,2218.0,1455,R260,2617.26,0.0,2682.5,2805.04,0.0,0,0,0.0,0.0,0,0.0,0.0,0,399.0
55065,AHMEDABAD DIVISION-ENGINEERING/WESTERN RLY,6/27/2023,Supply,Comp_A,2481.0,2103.0,982,60 Kg,2481.16,0.0,2543.0,2659.17,0.0,0,0,0.0,0.0,0,0.0,0.0,0,378.0
55065,AHMEDABAD DIVISION-ENGINEERING/WESTERN RLY,6/27/2023,Execution,Comp_A,4372.0,3705.0,1368,60 Kg,4371.73,0.0,4480.71,4685.38,0.0,0,0,0.0,0.0,0,0.0,0.0,0,667.0
55065,AHMEDABAD DIVISION-ENGINEERING/WESTERN RLY,6/27/2023,Execution,Comp_A,4283.0,3629.0,5,52 Kg,4282.56,0.0,4389.32,4589.82,0.0,0,0,0.0,0.0,0,0.0,0.0,0,654.0
55066,TRICHCHIRAPPALLI DIVISION-ENGG/SOUTHERN RLY,7/4/2023,Supply,Comp_C,1626.0,1378.3,267,60 Kg,1701.07,0.0,1626.4,2037.27,0.0,0,0,0.0,0.0,0,0.0,0.0,0,247.70000000000005
55066,TRICHCHIRAPPALLI DIVISION-ENGG/SOUTHERN RLY,7/4/2023,Supply,Comp_C,1976.0,1674.3,180,R260,2066.41,0.0,1975.7,2474.82,0.0,0,0,0.0,0.0,0,0.0,0.0,0,301.70000000000005
55066,TRICHCHIRAPPALLI DIVISION-ENGG/SOUTHERN RLY,7/4/2023,Supply,Comp_C,1910.0,1618.8,3830,52 Kg,1997.91,0.0,1910.21,2392.78,0.0,0,0,0.0,0.0,0,0.0,0.0,0,291.20000000000005
55067,TRICHCHIRAPPALLI DIVISION-ENGG/SOUTHERN RLY,7/4/2023,Supply,Comp_C,1970.0,1669.6,4083,R260,1982.09,0.0,1970.1,2474.81,0.0,0,0,0.0,0.0,0,0.0,0.0,0,300.4000000000001
55067,TRICHCHIRAPPALLI DIVISION-ENGG/SOUTHERN RLY,7/4/2023,Supply,Comp_C,1905.0,1614.2,525,52 Kg,1916.39,0.0,1904.8,2392.78,0.0,0,0,0.0,0.0,0,0.0,0.0,0,290.79999999999995
55068,TRICHCHIRAPPALLI DIVISION-ENGG/SOUTHERN RLY,7/4/2023,Supply,Comp_C,1930.0,1636.0,1050,52 Kg,1970.48,0.0,1930.3,2392.78,0.0,0,0,0.0,0.0,0,0.0,0.0,0,294.0
55068,TRICHCHIRAPPALLI DIVISION-ENGG/SOUTHERN RLY,7/4/2023,Supply,Comp_C,1644.0,1393.0,100,60 Kg,1677.72,0.0,1643.5,2037.27,0.0,0,0,0.0,0.0,0,0.0,0.0,0,251.0
55068,TRICHCHIRAPPALLI DIVISION-ENGG/SOUTHERN RLY,7/4/2023,Supply,Comp_C,1996.0,1692.0,800,R260,2038.04,0.0,1996.48,2474.81,0.0,0,0,0.0,0.0,0,0.0,0.0,0,304.0
55069,MUMBAI CENTRAL DIVISION-ENGINEERING/WESTERN RLY,7/4/2023,Supply,Comp_C,2812.0,2383.0,1244,R260,4636.42,0.0,2811.66,2864.64,0.0,0,0,0.0,0.0,0,0.0,0.0,0,429.0
55069,MUMBAI CENTRAL DIVISION-ENGINEERING/WESTERN RLY,7/4/2023,Execution,Comp_C,4696.0,3980.0,527,60 Kg,7744.44,0.0,4696.45,4784.96,0.0,0,0,0.0,0.0,0,0.0,0.0,0,716.0
55069,MUMBAI CENTRAL DIVISION-ENGINEERING/WESTERN RLY,7/4/2023,Execution,Comp_C,4859.0,4118.0,1229,R260,8012.3,0.0,4858.89,4950.46,0.0,0,0,0.0,0.0,0,0.0,0.0,0,741.0
55069,MUMBAI CENTRAL DIVISION-ENGINEERING/WESTERN RLY,7/4/2023,Supply,Comp_C,2665.0,2259.0,533,60 Kg,4395.33,0.0,2665.45,2715.68,0.0,0,0,0.0,0.0,0,0.0,0.0,0,406.0
55069,MUMBAI CENTRAL DIVISION-ENGINEERING/WESTERN RLY,7/4/2023,Supply,Comp_C,2579.0,2186.0,333,52 Kg,4253.13,0.0,2579.22,2627.83,0.0,0,0,0.0,0.0,0,0.0,0.0,0,393.0
55070,KHARAGPUR DIVISION-ENGG/SOUTH EASTERN RLY,7/6/2023,Execution,Comp_C,2140.0,1814.0,5782,60 Kg,5186.3,0.0,2140.03,2341.24,0.0,0,0,0.0,0.0,0,0.0,0.0,0,326.0
55071,CHENNAI DIVISION-ENGINEERING/SOUTHERN RLY,7/7/2023,Execution,Comp_C,1962.0,1663.0,1257,60 Kg,2066.06,0.0,1962.08,2230.34,0.0,0,0,0.0,0.0,0,0.0,0.0,0,299.0
55071,CHENNAI DIVISION-ENGINEERING/SOUTHERN RLY,7/7/2023,Execution,Comp_C,1904.0,1614.0,444,52 Kg,2037.83,0.0,1904.31,2230.38,0.0,0,0,0.0,0.0,0,0.0,0.0,0,290.0
55071,CHENNAI DIVISION-ENGINEERING/SOUTHERN RLY,7/7/2023,Execution,Comp_C,1962.0,1663.0,2451,R260,2000.33,0.0,1962.02,2230.22,0.0,0,0,0.0,0.0,0,0.0,0.0,0,299.0
55072,DYCE-C-III-BPL-ENGINEERING/WEST CENTRAL RLY,8/2/2023,Execution,Comp_D,7906.0,6700.0,100,R260,7906.0,0.0,7586.0,5946.0,0.0,0,0,0.0,0.0,0,0.0,0.0,0,1206.0
55072,DYCE-C-III-BPL-ENGINEERING/WEST CENTRAL RLY,8/2/2023,Execution,Comp_D,6330.0,5365.0,500,R260,6330.0,0.0,6074.0,4761.0,0.0,0,0,0.0,0.0,0,0.0,0.0,0,965.0
55072,DYCE-C-III-BPL-ENGINEERING/WEST CENTRAL RLY,8/2/2023,cutting,Comp_D,599.0,508.0,500,60 Kg,599.0,0.0,575.0,451.0,0.0,0,0,0.0,0.0,0,0.0,0.0,0,91.0
55072,DYCE-C-III-BPL-ENGINEERING/WEST CENTRAL RLY,8/2/2023,Supply,Comp_D,2685.0,2275.0,200,60 Kg,2685.0,0.0,2576.0,2019.0,0.0,0,0,0.0,0.0,0,0.0,0.0,0,410.0
55072,DYCE-C-III-BPL-ENGINEERING/WEST CENTRAL RLY,8/2/2023,Supply,Comp_D,4848.0,4109.0,200,R260,4848.0,0.0,4652.0,3647.0,0.0,0,0,0.0,0.0,0,0.0,0.0,0,739.0
55072,DYCE-C-III-BPL-ENGINEERING/WEST CENTRAL RLY,8/2/2023,Execution,Comp_D,5502.0,4663.0,150,60 Kg,5502.0,0.0,5280.0,4138.0,0.0,0,0,0.0,0.0,0,0.0,0.0,0,839.0
55072,DYCE-C-III-BPL-ENGINEERING/WEST CENTRAL RLY,8/2/2023,Execution,Comp_D,4134.0,3504.0,100,60 Kg,4134.0,0.0,3967.0,3110.0,0.0,0,0,0.0,0.0,0,0.0,0.0,0,630.0
55072,DYCE-C-III-BPL-ENGINEERING/WEST CENTRAL RLY,8/2/2023,cutting,Comp_D,406.0,344.0,1200,60 Kg,405.5,0.0,389.1,304.98,0.0,0,0,0.0,0.0,0,0.0,0.0,0,62.0
55073,MALDA DIVISION-ENGINEERING/EASTERN RLY,8/9/2023,Execution,Comp_A,5784.0,4901.5,870,52 Kg,5783.79,0.0,5801.46,5889.81,0.0,0,0,0.0,0.0,0,0.0,0.0,0,882.5
55073,MALDA DIVISION-ENGINEERING/EASTERN RLY,8/9/2023,Execution,Comp_A,5972.0,5061.2,300,60 Kg,5972.0,0.0,5990.0,6082.0,0.0,0,0,0.0,0.0,0,0.0,0.0,0,910.8000000000002
55073,MALDA DIVISION-ENGINEERING/EASTERN RLY,8/9/2023,Execution,Comp_A,4026.0,3412.0,530,R260,4026.0,0.0,4039.0,4100.0,0.0,0,0,0.0,0.0,0,0.0,0.0,0,614.0
55073,MALDA DIVISION-ENGINEERING/EASTERN RLY,8/9/2023,Execution,Comp_A,8434.0,7147.6,100,"60/52
 CMB",8434.0,0.0,8460.0,8589.0,0.0,0,0,0.0,0.0,0,0.0,0.0,0,1286.3999999999996
55073,MALDA DIVISION-ENGINEERING/EASTERN RLY,8/9/2023,Execution,Comp_A,10335.0,8758.1,50,"60/52
 CMB",10335.0,0.0,10366.0,10524.0,0.0,0,0,0.0,0.0,0,0.0,0.0,0,1576.8999999999996
55074,RANGIYA DIVISION-ENGINEERING/N F RLY,8/4/2023,supply,Comp_A,1875.0,1589.1,1944,60 Kg,1875.09,0.0,2089.55,2359.25,0.0,0,0,0.0,0.0,0,0.0,0.0,0,285.9000000000001
55074,RANGIYA DIVISION-ENGINEERING/N F RLY,8/4/2023,supply,Comp_A,2581.0,2187.5,1794,R260,2581.3,0.0,2876.52,3247.8,0.0,0,0,0.0,0.0,0,0.0,0.0,0,393.5
55074,RANGIYA DIVISION-ENGINEERING/N F RLY,8/4/2023,supply,Comp_A,1808.0,1532.2,1796,52 Kg,1807.94,0.0,2014.71,2274.75,0.0,0,0,0.0,0.0,0,0.0,0.0,0,275.79999999999995
55075,KATIHAR DIVISION-ENGINEERING/N F RLY,8/9/2023,Execution,Comp_C,1895.0,1606.0,400,R260,4414.04,0.0,1895.2,2373.05,0.0,0,0,2919.74,0.0,0,0.0,0.0,0,289.0
55075,KATIHAR DIVISION-ENGINEERING/N F RLY,8/9/2023,Execution,Comp_C,2218.21,1880.0,1500,52 Kg,5166.34,0.0,2218.21,2777.5,0.0,0,0,3417.36,0.0,0,0.0,0.0,0,338.21000000000004
55076,NAGPUR-SECR-DIVISION-ENGINEERING/SOUTH EAST CENTRAL RLY,8/10/2023,Supervision,Comp_A,2232.0,1892.0,2500,60 Kg,2232.07,0.0,2900.21,0.0,0.0,0,0,0.0,0.0,0,0.0,0.0,0,340.0
55076,NAGPUR-SECR-DIVISION-ENGINEERING/SOUTH EAST CENTRAL RLY,8/10/2023,Supervision,Comp_A,2249.0,1906.0,1200,52 Kg,2249.1,0.0,2800.07,0.0,0.0,0,0,0.0,0.0,0,0.0,0.0,0,343.0
55076,NAGPUR-SECR-DIVISION-ENGINEERING/SOUTH EAST CENTRAL RLY,8/10/2023,Supervision,Comp_A,3728.0,3159.0,3000,R260,3727.9,0.0,4700.19,0.0,0.0,0,0,0.0,0.0,0,0.0,0.0,0,569.0
55077,BIKANER DIVISION-ENGINEERING/NORTH WESTERN RLY,8/14/2023,Execution,Comp_A,6114.0,5181.0,2794,52 Kg,6114.03,0.0,13528.91,0.0,0.0,0,0,0.0,7492.94,0,0.0,0.0,0,933.0
55078,HOWRAH DIVISION-ENGG/EASTERN RLY,8/21/2023,Supply,Comp_A,1996.0,1691.0,2000,60 Kg,1995.7,0.0,2097.77,2284.01,0.0,0,0,0.0,0.0,0,0.0,0.0,0,305.0
55078,HOWRAH DIVISION-ENGG/EASTERN RLY,8/21/2023,Supply,Comp_A,1883.0,1596.0,2000,52 Kg,1883.32,0.0,1979.64,2155.4,0.0,0,0,0.0,0.0,0,0.0,0.0,0,287.0
55078,HOWRAH DIVISION-ENGG/EASTERN RLY,8/21/2023,Execution,Comp_A,4480.0,3797.0,200,60 Kg,4480.05,0.0,4709.19,5127.28,0.0,0,0,0.0,0.0,0,0.0,0.0,0,683.0
55078,HOWRAH DIVISION-ENGG/EASTERN RLY,8/21/2023,Supply,Comp_A,1653.0,1401.0,10000,R260,1653.0,0.0,1738.0,1892.0,0.0,0,0,0.0,0.0,0,0.0,0.0,0,252.0
55079,DANAPUR DIVISION-ENGINEERING/EAST CENTRAL RLY,8/23/2023,Supply,Comp_A,2800.0,2373.0,300,60 Kg,2800.0,0.0,3395.0,3123.0,0.0,0,0,0.0,0.0,0,0.0,0.0,0,427.0
55079,DANAPUR DIVISION-ENGINEERING/EAST CENTRAL RLY,8/23/2023,Supervision,Comp_A,2400.0,2034.0,300,60 Kg,2400.0,0.0,3361.0,2655.0,0.0,0,0,0.0,0.0,0,0.0,0.0,0,366.0
55079,DANAPUR DIVISION-ENGINEERING/EAST CENTRAL RLY,8/23/2023,Supervision,Comp_A,2500.0,2119.0,100,52 Kg,2500.0,0.0,3018.0,2601.0,0.0,0,0,0.0,0.0,0,0.0,0.0,0,381.0
55079,DANAPUR DIVISION-ENGINEERING/EAST CENTRAL RLY,8/23/2023,Supervision,Comp_A,2800.0,2373.0,200,R260,2800.0,0.0,2152.0,3123.0,0.0,0,0,0.0,0.0,0,0.0,0.0,0,427.0
55079,DANAPUR DIVISION-ENGINEERING/EAST CENTRAL RLY,8/23/2023,Supply,Comp_A,2200.0,1864.0,400,R260,2200.0,0.0,1721.0,2655.0,0.0,0,0,0.0,0.0,0,0.0,0.0,0,336.0
55079,DANAPUR DIVISION-ENGINEERING/EAST CENTRAL RLY,8/23/2023,Supervision,Comp_A,2750.0,2331.0,100,52 Kg,2750.0,0.0,3336.0,3096.0,0.0,0,0,0.0,0.0,0,0.0,0.0,0,419.0
55080,PRAYAGRAJ DIVISION-ENGG/NORTH CENTRAL RLY,8/31/2023,supply,Comp_C,1992.0,1688.0,4000,R260,2279.42,0.0,1992.41,2279.42,0.0,0,0,0.0,0.0,0,0.0,0.0,0,304.0
55081,DDU DIVISION-ENGINEERING/EAST CENTRAL RLY,8/31/2023,Supervision,Comp_D,3122.0,2646.0,1326,R260,3185.49,0.0,3213.41,3122.27,0.0,0,0,0.0,0.0,0,0.0,0.0,0,476.0
55081,DDU DIVISION-ENGINEERING/EAST CENTRAL RLY,8/31/2023,Supervision,Comp_D,2434.0,2063.0,2000,60 Kg,2483.22,0.0,2504.99,2433.95,0.0,0,0,0.0,0.0,0,0.0,0.0,0,371.0
55081,DDU DIVISION-ENGINEERING/EAST CENTRAL RLY,8/31/2023,Supervision,Comp_D,2867.0,2430.0,200,52 Kg,2925.13,0.0,2950.77,2867.08,0.0,0,0,0.0,0.0,0,0.0,0.0,0,437.0
55082,BHOPAL DIVISION-ENGG/WEST CENTRAL RLY,8/31/2023,supply,Comp_C,4418.0,3744.0,300,R260,4676.82,0.0,4418.37,4717.35,0.0,0,0,0.0,0.0,0,0.0,0.0,0,674.0
55082,BHOPAL DIVISION-ENGG/WEST CENTRAL RLY,8/31/2023,Execution,Comp_C,6271.0,5314.0,570,"R260
 CMB",6637.69,0.0,6270.87,6695.21,0.0,0,0,0.0,0.0,0,0.0,0.0,0,957.0
55082,BHOPAL DIVISION-ENGG/WEST CENTRAL RLY,8/31/2023,Execution,Comp_C,6065.0,5140.0,200,R260,6419.79,0.0,6065.01,6475.43,0.0,0,0,0.0,0.0,0,0.0,0.0,0,925.0
55082,BHOPAL DIVISION-ENGG/WEST CENTRAL RLY,8/31/2023,Execution,Comp_C,6149.0,5211.0,320,60 Kg,6508.19,0.0,6148.52,6564.59,0.0,0,0,0.0,0.0,0,0.0,0.0,0,938.0
55082,BHOPAL DIVISION-ENGG/WEST CENTRAL RLY,8/31/2023,supply,Comp_C,3714.0,3148.0,480,60 Kg,3931.32,0.0,3714.06,3965.39,0.0,0,0,0.0,0.0,0,0.0,0.0,0,566.0
55082,BHOPAL DIVISION-ENGG/WEST CENTRAL RLY,8/31/2023,supply,Comp_C,4624.0,3919.0,780,"R260
 CMB",4894.7,0.0,4624.2,4937.11,0.0,0,0,0.0,0.0,0,0.0,0.0,0,705.0
55083,MALDA  DIVISION-ENGINEERING/EASTERN RLY ,9/1/2023,Supervision,Comp_C,6082.0,5154.0,600,60 Kg,7054.74,0.0,6081.67,6811.74,0.0,0,0,0.0,0.0,0,0.0,0.0,0,928.0
55083,MALDA  DIVISION-ENGINEERING/EASTERN RLY ,9/1/2023,Supervision,Comp_C,5889.67,4991.0,1240,52 Kg,6832.18,0.0,4100.0,4592.0,0.0,0,0,0.0,0.0,0,0.0,0.0,0,898.6700000000001
55083,MALDA  DIVISION-ENGINEERING/EASTERN RLY ,9/1/2023,Supervision,Comp_C,4100.0,3475.0,550,R260,4756.0,0.0,5889.81,6596.58,0.0,0,0,0.0,0.0,0,0.0,0.0,0,625.0
55084,WALTAIR DIVISION-ENGINEERING/ECOR,9/7/2023,Supply,Comp_B,2288.32,1939.3,3000,R260,2596.22,2288.31,2673.48,2628.16,0.0,0,0,0.0,0.0,0,0.0,0.0,0,349.0200000000002
55085,WALTAIR DIVISION-ENGINEERING/ECOR,9/7/2023,Supply,Comp_B,2322.42,1968.2,600,60 Kg,0.0,0.0,0.0,0.0,0.0,0,0,0.0,0.0,0,0.0,0.0,0,354.22
55085,WALTAIR DIVISION-ENGINEERING/ECOR,9/7/2023,Supply,Comp_B,2278.58,1931.0,500,52 Kg,0.0,0.0,0.0,0.0,0.0,0,0,0.0,0.0,0,0.0,0.0,0,347.5799999999999
55086,SONPUR DIVISION-ENGINEERING/EAST CENTRAL RLY,9/26/2023,Supply,Comp_A,1998.03,1693.2,580,60 Kg,1998.03,0.0,2315.06,0.0,0.0,0,0,0.0,0.0,0,0.0,0.0,0,304.8299999999999
55087,	KHURDA ROAD DIVISION-ENGINEERING/ECOR	,10/11/2023,Supervision,Comp_B,2290.0,1940.7,4500,R260,0.0,0.0,2130.37,2641.09,0.0,0,0,0.0,0.0,0,0.0,0.0,0,349.29999999999995
55088,LUMDING DIVISION -ENGINEERING/N F RLY,10/12/2023,Supply,Comp_B,2276.25,1929.0,1000,60 Kg,2685.98,0.0,3095.7,4552.5,0.0,0,0,0.0,0.0,0,0.0,0.0,0,347.25
55088,LUMDING DIVISION -ENGINEERING/N F RLY,10/12/2023,Supply,Comp_B,2474.36,2096.9,500,52 Kg,2419.38,0.0,2581.58,2749.29,0.0,0,0,0.0,0.0,0,0.0,0.0,0,377.46000000000004
55088,LUMDING DIVISION -ENGINEERING/N F RLY,10/12/2023,Supply,Comp_B,2444.34,2071.5,1000,R260,2077.7,0.0,2770.26,4073.92,0.0,0,0,0.0,0.0,0,0.0,0.0,0,372.84000000000015
55089,JABALPUR DIVISION-ENGG/WEST CENTRAL RLY,10/13/2023,Execution,Comp_B,3779.0,3202.5,450,52 Kg,4870.16,3779.02,4161.12,0.0,0.0,0,0,0.0,0.0,0,0.0,0.0,0,576.5
55089,JABALPUR DIVISION-ENGG/WEST CENTRAL RLY,10/13/2023,Execution,Comp_B,4036.0,3420.3,1300,R260,5273.88,0.0,4445.11,0.0,0.0,0,0,0.0,0.0,0,0.0,0.0,0,615.6999999999998
55089,JABALPUR DIVISION-ENGG/WEST CENTRAL RLY,10/13/2023,Execution,Comp_B,4091.0,3466.9,350,60 Kg,5202.54,0.0,4506.06,0.0,0.0,0,0,0.0,0.0,0,0.0,0.0,0,624.0999999999999
55089,JABALPUR DIVISION-ENGG/WEST CENTRAL RLY,10/13/2023,Execution,Comp_B,4173.0,3536.4,127,"R260
 CMB",5379.11,0.0,4595.98,0.0,0.0,0,0,0.0,0.0,0,0.0,0.0,0,636.5999999999999
55089,JABALPUR DIVISION-ENGG/WEST CENTRAL RLY,10/13/2023,SUPPLY,Comp_B,2386.0,2022.0,650,52 Kg,3076.17,2386.97,2628.31,0.0,0.0,0,0,0.0,0.0,0,0.0,0.0,0,364.0
55089,JABALPUR DIVISION-ENGG/WEST CENTRAL RLY,10/13/2023,SUPPLY,Comp_B,2524.0,2139.0,700,60 Kg,3253.91,2524.88,2780.17,0.0,0.0,0,0,0.0,0.0,0,0.0,0.0,0,385.0
55089,JABALPUR DIVISION-ENGG/WEST CENTRAL RLY,10/13/2023,SUPPLY,Comp_B,2940.0,2491.5,3500,R260,3790.03,2940.89,3238.24,0.0,0.0,0,0,0.0,0.0,0,0.0,0.0,0,448.5
55089,JABALPUR DIVISION-ENGG/WEST CENTRAL RLY,10/13/2023,SUPPLY,Comp_B,3077.0,2607.6,450,"R260
 CMB",3966.6,3077.9,3389.11,0.0,0.0,0,0,0.0,0.0,0,0.0,0.0,0,469.4000000000001
55090,WALTAIR DIVISION-ENGINEERING/ECOR,10/16/2023,Supply,Comp_A,2066.0,1750.8,3870,60 Kg,2291.0,0.0,2222.27,2519.87,0.0,0,0,0.0,0.0,0,0.0,0.0,0,315.20000000000005
55091,SEALDAH DIVISION-ENGINEERING/EASTERN RLY,10/20/2023,Execution,Comp_A,6067.0,5141.5,20,"60/52
 CMB",6067.28,10882.5,0.0,7382.15,0.0,0,0,0.0,0.0,0,0.0,0.0,0,925.5
55091,SEALDAH DIVISION-ENGINEERING/EASTERN RLY,10/20/2023,Supervision,Comp_A,4644.0,3935.6,100,"60/52
 CMB",4644.49,8330.54,0.0,5651.02,0.0,0,0,0.0,0.0,0,0.0,0.0,0,708.4000000000001
55091,SEALDAH DIVISION-ENGINEERING/EASTERN RLY,10/20/2023,Supervision,Comp_A,3236.0,2742.4,1500,60 Kg,3336.71,5984.85,0.0,4059.82,0.0,0,0,0.0,0.0,0,0.0,0.0,0,493.5999999999999
55091,SEALDAH DIVISION-ENGINEERING/EASTERN RLY,10/20/2023,Supervision,Comp_A,3230.13,2737.4,900,52 kg,3230.0,5793.69,0.0,3930.16,0.0,0,0,0.0,0.0,0,0.0,0.0,0,492.73
55092,DHANBAD DIVISION-ENGINEERING/EAST CENTRAL RLY,11/13/2023,SUPPLY,Comp_A,2054.74,1741.3,2400,R260,2054.74,2243.33,0.0,0.0,0.0,0,0,0.0,0.0,0,0.0,0.0,0,313.4399999999998
55093,LUCKNOW-NER-DIVISION -ENGINEERING/NORTH EASTERN RLY,11/23/2023,Execution,Comp_C,4415.0,3741.5,1222,52 Kg,7852.16,0.0,4791.83,6845.47,0.0,0,0,0.0,0.0,0,0.0,0.0,0,673.5
55094,CAO-C-NER-ENGG/NORTH EASTERN RLY,11/24/2023,Execution,Comp_C,1716.0,1454.2,750,"60/52
 CMB",3901.7,0.0,1716.7,1796.3,0.0,0,0,0.0,0.0,0,0.0,0.0,0,261.79999999999995
55094,CAO-C-NER-ENGG/NORTH EASTERN RLY,11/24/2023,Supply,Comp_C,2311.0,1958.5,100,52 Kg,3216.41,2418.0,2282.6,2593.9,0.0,0,0,0.0,0.0,0,0.0,0.0,0,352.5
55094,CAO-C-NER-ENGG/NORTH EASTERN RLY,11/24/2023,Supply,Comp_C,2281.0,1933.1,100,60 Kg,3258.43,2309.0,2312.4,2627.8,0.0,0,0,0.0,0.0,0,0.0,0.0,0,347.9000000000001
55094,CAO-C-NER-ENGG/NORTH EASTERN RLY,11/24/2023,Supply,Comp_C,2178.0,1845.8,400,R260,0.0,0.0,2178.9,2565.2,0.0,0,0,0.0,0.0,0,0.0,0.0,0,332.20000000000005
55094,CAO-C-NER-ENGG/NORTH EASTERN RLY,11/24/2023,Supply,Comp_C,2885.0,2444.9,150,"R260
 CMB",4066.15,0.0,2885.7,3279.2,0.0,0,0,0.0,0.0,0,0.0,0.0,0,440.0999999999999
55095,STORES/SOUTH CENTRAL RLY,11/24/2023,Supply,Comp_B,2141.7,1815.0,76790,60 Kg,2010.0,1815.0,1886.0,1928.75,0.0,0,0,0.0,0.0,0,0.0,0.0,0,326.6999999999998
55095,STORES/SOUTH CENTRAL RLY,11/24/2023,Supply,Comp_C,2397.76,2032.0,65028,R260,2078.0,0.0,2032.0,2087.0,0.0,0,0,2885.0,0.0,0,0.0,0.0,0,365.7600000000002
55095,STORES/SOUTH CENTRAL RLY,11/24/2023,Supply,Comp_C,2087.42,1769.0,13313,52 Kg,1920.0,1800.0,1769.0,1812.0,0.0,0,0,2885.0,0.0,0,0.0,0.0,0,318.4200000000001
55096,NAGPUR-SECR-DIVISION-ENGINEERING/SOUTH EAST CENTRAL RLY,11/24/2023,Supervision,Comp_A,2094.0,1774.6,1078,52 Kg,2094.4,2332.0,2600.2,2808.4,0.0,0,0,0.0,0.0,0,0.0,0.0,0,319.4000000000001
55096,NAGPUR-SECR-DIVISION-ENGINEERING/SOUTH EAST CENTRAL RLY,11/24/2023,Execution,Comp_A,3510.0,2974.6,550,R260,3510.71,4612.0,4400.3,3510.7,0.0,0,0,0.0,0.0,0,0.0,0.0,0,535.4000000000001
55096,NAGPUR-SECR-DIVISION-ENGINEERING/SOUTH EAST CENTRAL RLY,11/24/2023,Supervision,Comp_A,2158.0,1828.8,344,60 Kg,2157.67,2480.0,2800.0,2926.5,0.0,0,0,0.0,0.0,0,0.0,0.0,0,329.20000000000005
55097,JHANSI DIVISION-ENGG/NORTH CENTRAL RLY,11/30/2023,Execution,Comp_B,4786.0,4055.9,250,52 Kg,7031.94,4787.21,5665.6,0.0,0.0,0,0,0.0,0.0,0,0.0,0.0,0,730.0999999999999
55097,JHANSI DIVISION-ENGG/NORTH CENTRAL RLY,11/30/2023,Execution,Comp_B,4866.0,4123.7,700,R260,7031.94,4787.21,5665.6,0.0,0.0,0,0,0.0,0.0,0,0.0,0.0,0,742.3000000000002
55097,JHANSI DIVISION-ENGG/NORTH CENTRAL RLY,11/30/2023,Execution,Comp_B,4786.0,4055.9,250,60 Kg,7149.76,4867.42,5760.53,0.0,0.0,0,0,0.0,0.0,0,0.0,0.0,0,730.0999999999999
55098,DDU DIVISION -ENGG /EAST CENTRAL RLY,12/6/2023,Supervision,Comp_B,1560.0,1322.4,600,60 Kg,1651.03,1560.48,1711.0,0.0,0.0,0,0,0.0,0.0,0,0.0,0.0,0,237.5999999999999
55098,DDU DIVISION -ENGG /EAST CENTRAL RLY,12/6/2023,Supervision,Comp_B,2002.0,1696.4,2150,R260,2117.95,2001.79,2195.13,0.0,0.0,0,0,0.0,0.0,0,0.0,0.0,0,305.5999999999999
55098,DDU DIVISION -ENGG /EAST CENTRAL RLY,12/6/2023,Supervision,Comp_B,1838.0,1557.8,200,52 Kg,1944.84,1838.18,2015.71,0.0,0.0,0,0,0.0,0.0,0,0.0,0.0,0,280.20000000000005
55099,SONPUR DIVISION-ENGINEERING/EAST CENTRAL RLY,12/6/2023,Supply,Comp_A,2094.0,1774.8,1227,R260,2094.25,0.0,2059.21,2712.17,0.0,0,0,0.0,0.0,0,0.0,0.0,0,319.20000000000005
55099,SONPUR DIVISION-ENGINEERING/EAST CENTRAL RLY,12/6/2023,Supply,Comp_A,1923.0,1629.7,300,52 Kg,1923.08,0.0,1890.91,2490.49,0.0,0,0,0.0,0.0,0,0.0,0.0,0,293.29999999999995
55100,PRAYAGRAJ DIVISION-ENGG/NORTH CENTRAL RLY,12/6/2023,Supply,Comp_B,1759.0,1490.7,4000,R260,1897.09,1759.06,1986.3,0.0,0.0,0,0,0.0,0.0,0,0.0,0.0,0,268.29999999999995
55101,STORES/DMRC,12/7/2023,Supply,Comp_A,4130.0,3500.0,230,HH 1080,4130.0,0.0,0.0,0.0,0.0,0,0,0.0,0.0,0,0.0,0.0,0,630.0
55102,WALTAIR DIVISION-ENGINEERING/ECOR,12/12/2023,Supply,Comp_C,1959.2,1660.37,4760,R260,5148.92,2158.0,1959.24,2463.91,0.0,0,0,0.0,0.0,0,0.0,0.0,0,298.83000000000015
55103,VARANASI DIVN.-ENGG/NORTH EASTERN RLY,12/20/2023,Supply,Comp_D,2800.0,2372.88,640,52 Kg,5749.0,5000.0,0.0,2800.0,0.0,0,0,0.0,0.0,6289,0.0,0.0,0,427.1199999999999
55103,VARANASI DIVN.-ENGG/NORTH EASTERN RLY,12/20/2023,Supply,Comp_D,2833.0,2400.85,200,60 Kg,5645.0,5000.0,3930.0,2833.0,0.0,0,0,0.0,0.0,6389,0.0,0.0,0,432.1500000000001
55103,VARANASI DIVN.-ENGG/NORTH EASTERN RLY,12/20/2023,Execution,Comp_D,1800.0,1525.42,840,60 Kg,2800.0,1500.0,2016.0,1800.0,0.0,0,0,0.0,0.0,2800,0.0,0.0,0,274.5799999999999
55104,HUBLI DIVISION-ENGG/SOUTH WESTERN RLY,12/19/2023,Supply,Comp_B,1640.0,1389.75,690,52 Kg,2192.74,1639.9,1804.0,0.0,0.0,0,0,0.0,0.0,0,0.0,0.0,0,250.25
55104,HUBLI DIVISION-ENGG/SOUTH WESTERN RLY,12/19/2023,Supply,Comp_B,1898.0,1608.56,1849,60 Kg,2537.97,1898.1,2088.0,0.0,0.0,0,0,0.0,0.0,0,0.0,0.0,0,289.44000000000005
55105,JABALPUR DIVISION-ENGG/WEST CENTRAL RLY,12/22/2023,Execution,Comp_A,3877.0,3285.98,450,60 Kg,3877.46,4092.0,4223.0,4202.0,0.0,0,0,0.0,0.0,0,8143.49,0.0,0,591.02
55105,JABALPUR DIVISION-ENGG/WEST CENTRAL RLY,12/22/2023,Supply,Comp_A,2787.0,2361.45,3000,R260,2786.51,2941.0,3034.8,3020.0,0.0,0,0,0.0,0.0,0,5852.26,0.0,0,425.5500000000002
55105,JABALPUR DIVISION-ENGG/WEST CENTRAL RLY,12/22/2023,Supply,Comp_A,2916.0,2471.47,450,"R260
 CMB",2916.33,3078.0,3176.2,3161.0,0.0,0,0,0.0,0.0,0,6124.9,0.0,0,444.5300000000002
55105,JABALPUR DIVISION-ENGG/WEST CENTRAL RLY,12/22/2023,Supply,Comp_A,2392.0,2027.41,600,52 Kg,2392.34,2525.0,2605.5,2593.0,0.0,0,0,0.0,0.0,0,5024.42,0.0,0,364.5899999999999
55105,JABALPUR DIVISION-ENGG/WEST CENTRAL RLY,12/22/2023,Execution,Comp_A,3825.0,3241.54,700,R260,3825.02,4037.0,4165.9,4146.0,0.0,0,0,0.0,0.0,0,8033.34,0.0,0,583.46
55105,JABALPUR DIVISION-ENGG/WEST CENTRAL RLY,12/22/2023,Execution,Comp_A,3955.0,3351.55,400,"R260
 CMB",3954.83,4174.0,4307.2,4286.0,0.0,0,0,0.0,0.0,0,8305.98,0.0,0,603.4499999999998
55106,RAIPUR DIVISION-ENGINEERING/SOUTH EAST CENTRAL RLY,12/27/2023,Supervision,Comp_B,2525.0,2140.0,1500,60 Kg,2252.77,2210.88,2525.2,3602.16,0.0,0,0,0.0,0.0,0,0.0,0.0,0,385.0
55106,RAIPUR DIVISION-ENGINEERING/SOUTH EAST CENTRAL RLY,12/27/2023,Supervision,Comp_B,2500.0,2118.64,1500,R260,2272.76,2111.71,2500.0,3601.69,0.0,0,0,0.0,0.0,0,0.0,0.0,0,381.3600000000001
55107,SONPUR DIVISION-ENGINEERING/EAST CENTRAL RLY,12/28/2023,Supply,Comp_B,2054.0,1741.08,1822,R260,2155.09,2054.47,2069.2,2765.64,0.0,0,0,0.0,0.0,0,0.0,0.0,0,312.9200000000001
55107,SONPUR DIVISION-ENGINEERING/EAST CENTRAL RLY,12/28/2023,Supply,Comp_B,1887.0,1598.77,504,52 Kg,1978.95,1886.55,1900.0,2539.59,0.0,0,0,0.0,0.0,0,0.0,0.0,0,288.23
55108,FEROZPUR DIVISION-ENGINEERING/NORTHERN RLY,12/28/2023,Execution,Comp_B,7133.0,6044.75,200,52 Kg,7977.1,7132.8,7147.53,0.0,0.0,0,0,0.0,0.0,0,0.0,0.0,0,1088.25
55108,FEROZPUR DIVISION-ENGINEERING/NORTHERN RLY,12/28/2023,Execution,Comp_B,7485.0,6343.08,814,R260,8370.81,7484.83,7500.29,0.0,0.0,0,0,0.0,0.0,0,0.0,0.0,0,1141.92
55109,SAMBALPUR DIVN-ENGG/ECOR,12/29/2023,Supply,Comp_C,1949.0,1651.69,3257,R260,2241.67,2423.0,1949.0,2014.0,0.0,0,0,3533.07,0.0,0,0.0,0.0,0,297.30999999999995
55110,BHUSAWAL/DIV/CENTRAL RLY,1/1/2024,Supply,Comp_A,1994.0,1690.0,1060,"R260
 CMB",1994.2,0.0,2004.82,2442.6,0.0,0,0,0.0,0.0,0,0.0,0.0,0,304.0
55111,LUMDING DIVISION-ENGINEERING/N F RLY,1/4/2024,Supply,Comp_B,2029.0,1719.57,1500,52 Kg,2749.06,2029.09,2227.69,0.0,0.0,0,0,0.0,0.0,0,0.0,0.0,0,309.43000000000006
55111,LUMDING DIVISION-ENGINEERING/N F RLY,1/4/2024,Supply,Comp_B,2029.0,1719.78,1000,60 Kg,2749.39,2029.34,2227.96,0.0,0.0,0,0,0.0,0.0,0,0.0,0.0,0,309.22
55111,LUMDING DIVISION-ENGINEERING/N F RLY,1/4/2024,Supply,Comp_B,1734.0,1469.18,2220,R260,2348.76,1733.63,1903.3,0.0,0.0,0,0,0.0,0.0,0,0.0,0.0,0,264.81999999999994
55112,MYSORE DIVISION-ENGINEERING/SOUTH WESTERN RLY,1/5/2024,Execution,Comp_B,1626.0,1377.66,1683,R260,1829.63,1625.64,1728.77,0.0,0.0,0,0,0.0,0.0,0,0.0,0.0,0,248.33999999999992
55112,MYSORE DIVISION-ENGINEERING/SOUTH WESTERN RLY,1/5/2024,Supply,Comp_B,1939.0,1643.31,1683,R260,2182.43,1939.11,2062.12,0.0,0.0,0,0,0.0,0.0,0,0.0,0.0,0,295.69000000000005
55113,MYSORE DIVISION-ENGINEERING/SOUTH WESTERN RLY,1/5/2024,Execution,Comp_B,1791.0,1517.71,190,60 Kg,1965.66,1790.9,1845.57,0.0,0.0,0,0,0.0,0.0,0,0.0,0.0,0,273.28999999999996
55113,MYSORE DIVISION-ENGINEERING/SOUTH WESTERN RLY,1/5/2024,Supply,Comp_B,2026.0,1717.04,569,60 Kg,2223.82,2026.11,2087.96,0.0,0.0,0,0,0.0,0.0,0,0.0,0.0,0,308.96000000000004
55113,MYSORE DIVISION-ENGINEERING/SOUTH WESTERN RLY,1/5/2024,Supply,Comp_B,1981.0,1678.65,1776,R260,2174.09,1980.81,2041.27,0.0,0.0,0,0,0.0,0.0,0,0.0,0.0,0,302.3499999999999
55113,MYSORE DIVISION-ENGINEERING/SOUTH WESTERN RLY,1/5/2024,Execution,Comp_B,1661.0,1407.29,1776,R260,1822.64,1660.6,1711.29,0.0,0.0,0,0,0.0,0.0,0,0.0,0.0,0,253.71000000000004
55114,MYSORE DIVISION-ENGINEERING/SOUTH WESTERN RLY,1/5/2024,Supply,Comp_B,2047.0,1735.12,436,60 Kg,2226.8,2047.44,2087.96,0.0,0.0,0,0,0.0,0.0,0,0.0,0.0,0,311.8800000000001
55114,MYSORE DIVISION-ENGINEERING/SOUTH WESTERN RLY,1/5/2024,Execution,Comp_B,1678.0,1422.1,1329,R260,1825.09,1678.08,1711.29,0.0,0.0,0,0,0.0,0.0,0,0.0,0.0,0,255.9000000000001
55114,MYSORE DIVISION-ENGINEERING/SOUTH WESTERN RLY,1/5/2024,Execution,Comp_B,1810.0,1533.69,100,60 kg,1968.3,1809.75,1845.57,0.0,0.0,0,0,0.0,0.0,0,0.0,0.0,0,276.30999999999995
55114,MYSORE DIVISION-ENGINEERING/SOUTH WESTERN RLY,1/5/2024,Supply,Comp_B,2002.0,1696.32,1329,R260,2177.01,2001.66,2041.27,0.0,0.0,0,0,0.0,0.0,0,0.0,0.0,0,305.68000000000006
55115,KHURDA ROAD DIVISION-ENGINEERING/ECOR,1/10/2024,Execution,Comp_B,2400.0,2033.97,1083,R260,4010.08,2400.09,4950.13,5899.74,0.0,0,0,0.0,0.0,0,0.0,0.0,0,366.03
55115,KHURDA ROAD DIVISION-ENGINEERING/ECOR,1/10/2024,Supply,Comp_B,1890.0,1601.97,1680,R260,2612.32,1890.33,1850.2,2500.25,0.0,0,0,0.0,0.0,0,0.0,0.0,0,288.03
55116,DYCE-C-I-KOTA-ENGINEERING/WEST CENTRAL RLY,1/10/2024,Execution,Comp_A,4918.0,4167.94,1000,R260,4918.17,4970.5,6226.2,0.0,0.0,0,0,0.0,0.0,0,0.0,0.0,0,750.0600000000004
55116,DYCE-C-I-KOTA-ENGINEERING/WEST CENTRAL RLY,1/10/2024,Execution,Comp_B,4641.0,3933.25,700,60 Kg,4761.28,4641.23,5861.79,5529.82,0.0,0,0,0.0,0.0,0,0.0,0.0,0,707.75
55116,DYCE-C-I-KOTA-ENGINEERING/WEST CENTRAL RLY,1/10/2024,Execution,Comp_B,4679.0,3965.07,3000,52 Kg,4799.8,4678.78,5909.21,5574.56,0.0,0,0,0.0,0.0,0,0.0,0.0,0,713.9299999999998
55116,DYCE-C-I-KOTA-ENGINEERING/WEST CENTRAL RLY,1/10/2024,Execution,Comp_B,3488.0,2955.55,1000,60 Kg,3577.77,3487.55,4404.72,4155.27,0.0,0,0,0.0,0.0,0,0.0,0.0,0,532.4499999999998
55116,DYCE-C-I-KOTA-ENGINEERING/WEST CENTRAL RLY,1/10/2024,Execution,Comp_B,3531.0,2992.03,200,52 Kg,3621.92,3530.59,4459.08,4206.55,0.0,0,0,0.0,0.0,0,0.0,0.0,0,538.9699999999998
55116,DYCE-C-I-KOTA-ENGINEERING/WEST CENTRAL RLY,1/10/2024,Execution,Comp_A,3212.0,2722.14,300,60 Kg,3212.13,3246.3,4066.42,0.0,0.0,0,0,0.0,0.0,0,0.0,0.0,0,489.8600000000001
55117,BHOPAL DIVISION-ENGG/WEST CENTRAL RLY,1/10/2024,Execution,Comp_B,3491.0,2958.69,320,60 Kg,3883.28,3491.25,3739.97,3711.77,0.0,0,0,0.0,0.0,0,0.0,0.0,0,532.31
55117,BHOPAL DIVISION-ENGG/WEST CENTRAL RLY,1/10/2024,Execution,Comp_B,3444.0,2918.5,200,R260,3830.53,3443.83,3689.17,3661.35,0.0,0,0,0.0,0.0,0,0.0,0.0,0,525.5
55117,BHOPAL DIVISION-ENGG/WEST CENTRAL RLY,1/10/2024,Execution,Comp_B,3561.0,3017.56,570,"R260
 CMB",3960.55,3560.72,3814.39,3785.63,0.0,0,0,0.0,0.0,0,0.0,0.0,0,543.44
55117,BHOPAL DIVISION-ENGG/WEST CENTRAL RLY,1/10/2024,Supply,Comp_B,2109.0,1787.22,480,60 Kg,2345.73,2108.92,2259.16,2242.12,0.0,0,0,0.0,0.0,0,0.0,0.0,0,321.78
55117,BHOPAL DIVISION-ENGG/WEST CENTRAL RLY,1/10/2024,Supply,Comp_B,2509.0,2126.13,300,R260,2790.55,2508.83,2687.56,2667.3,0.0,0,0,0.0,0.0,0,0.0,0.0,0,382.8699999999999
55117,BHOPAL DIVISION-ENGG/WEST CENTRAL RLY,1/10/2024,Supply,Comp_B,2626.0,2225.18,780,"R260
 CMB",2920.55,2625.71,2812.76,2791.55,0.0,0,0,0.0,0.0,0,0.0,0.0,0,400.82000000000016
55118,ALIPURDUAR DIVISION-ENGINEERING/N F RLY,1/12/2024,Supply,Comp_B,1906.0,1615.14,2280,52 Kg,2493.59,1905.86,1985.49,0.0,0.0,0,0,3705.54,0.0,0,0.0,0.0,0,290.8599999999999
55118,ALIPURDUAR DIVISION-ENGINEERING/N F RLY,1/12/2024,Supply,Comp_B,1628.0,1379.95,1200,R260,2130.48,1628.34,1696.37,0.0,0.0,0,0,3165.96,0.0,0,0.0,0.0,0,248.04999999999995
55119,HUBLI DIVISION-ENGG/SOUTH WESTERN RLY,1/16/2024,Supply,Comp_B,1671.0,1416.03,1530,52 Kg,2039.8,1670.91,1832.51,0.0,0.0,0,0,0.0,0.0,0,0.0,0.0,0,254.97000000000003
55119,HUBLI DIVISION-ENGG/SOUTH WESTERN RLY,1/16/2024,Supply,Comp_B,1891.0,1602.81,122,60 Kg,2467.59,1891.32,2121.02,0.0,0.0,0,0,0.0,0.0,0,0.0,0.0,0,288.19000000000005
55119,HUBLI DIVISION-ENGG/SOUTH WESTERN RLY,1/16/2024,Supply,Comp_B,1634.0,1384.79,1200,52 Kg,2131.93,1634.05,1832.51,0.0,0.0,0,0,0.0,0.0,0,0.0,0.0,0,249.21000000000004
55119,HUBLI DIVISION-ENGG/SOUTH WESTERN RLY,1/16/2024,Supply,Comp_B,1722.0,1458.94,160,"R260
 CMB",2158.18,1721.55,2481.28,0.0,0.0,0,0,0.0,0.0,0,0.0,0.0,0,263.05999999999995
55119,HUBLI DIVISION-ENGG/SOUTH WESTERN RLY,1/16/2024,Supply,Comp_B,1934.0,1638.97,934,60 Kg,2360.95,1933.98,2121.02,0.0,0.0,0,0,0.0,0.0,0,0.0,0.0,0,295.03
55120,TRICHCHIRAPPALLI DIVISION-ENGG/SOUTHERN RLY,1/19/2024,Supply,Comp_B,1776.0,1504.87,3799,52 Kg,2685.26,1775.75,1908.66,2125.03,0.0,0,0,0.0,0.0,0,0.0,0.0,0,271.1300000000001
55120,TRICHCHIRAPPALLI DIVISION-ENGG/SOUTHERN RLY,1/19/2024,Supply,Comp_B,1512.0,1281.29,96,60 Kg,2286.3,1511.92,1625.08,1809.3,0.0,0,0,0.0,0.0,0,0.0,0.0,0,230.71000000000004
55120,TRICHCHIRAPPALLI DIVISION-ENGG/SOUTHERN RLY,1/19/2024,Supply,Comp_B,1837.0,1556.47,1778,R260,2777.32,1836.63,1974.1,2197.88,0.0,0,0,0.0,0.0,0,0.0,0.0,0,280.53
55120,TRICHCHIRAPPALLI DIVISION-ENGG/SOUTHERN RLY,1/19/2024,Supply,Comp_B,1553.0,1316.14,403,60 Kg,2329.39,1553.04,1625.08,1809.3,0.0,0,0,0.0,0.0,0,0.0,0.0,0,236.8599999999999
55120,TRICHCHIRAPPALLI DIVISION-ENGG/SOUTHERN RLY,1/19/2024,Supply,Comp_B,1824.0,1545.81,5091,52 Kg,2735.88,1824.05,1908.66,2125.03,0.0,0,0,0.0,0.0,0,0.0,0.0,0,278.19000000000005
55120,TRICHCHIRAPPALLI DIVISION-ENGG/SOUTHERN RLY,1/19/2024,Supply,Comp_B,1887.0,1598.8,423,R260,2829.67,1886.58,1974.1,2197.88,0.0,0,0,0.0,0.0,0,0.0,0.0,0,288.20000000000005
55121,RAIPUR DIVISION-ENGINEERING/SOUTH EAST CENTRAL RLY,1/18/2024,Supervision,Comp_B,2154.0,1825.33,1375,60 Kg,2382.73,2153.89,2550.01,3602.16,0.0,0,0,0.0,0.0,0,0.0,0.0,0,328.6700000000001
55121,RAIPUR DIVISION-ENGINEERING/SOUTH EAST CENTRAL RLY,1/18/2024,Supervision,Comp_B,2031.0,1721.45,1196,R260,2382.64,2031.31,2550.13,3601.69,0.0,0,0,0.0,0.0,0,0.0,0.0,0,309.54999999999995
55122,CHENNAI DIVISION-ENGINEERING/SOUTHERN RLY,1/31/2024,Supply,Comp_B,2035.0,1724.91,44,52 Kg,3338.04,2035.0,3256.63,0.0,0.0,0,0,0.0,0.0,0,0.0,0.0,0,310.0899999999999
55122,CHENNAI DIVISION-ENGINEERING/SOUTHERN RLY,1/31/2024,Execution,Comp_B,5479.0,4643.14,160,R260,6848.63,5479.0,7191.06,0.0,0.0,0,0,0.0,0.0,0,0.0,0.0,0,835.8599999999997
55122,CHENNAI DIVISION-ENGINEERING/SOUTHERN RLY,1/31/2024,Execution,Comp_B,4829.0,4092.47,77,60 Kg,6036.38,4829.0,6338.2,0.0,0.0,0,0,0.0,0.0,0,0.0,0.0,0,736.5300000000002
55122,CHENNAI DIVISION-ENGINEERING/SOUTHERN RLY,1/31/2024,Supply,Comp_B,1733.0,1468.63,282,60 Kg,2842.09,1733.0,2772.77,0.0,0.0,0,0,0.0,0.0,0,0.0,0.0,0,264.3699999999999
55122,CHENNAI DIVISION-ENGINEERING/SOUTHERN RLY,1/31/2024,Supply,Comp_B,2105.0,1784.04,655,R260,3452.48,2105.0,3368.27,0.0,0.0,0,0,0.0,0.0,0,0.0,0.0,0,320.96000000000004
55124,LUCKNOW-NER-DIVISION-ENGINEERING/NORTH EASTERN RLY,2/1/2024,Supervision,Comp_L,3540.0,2999.72,400,52 Kg,4770.85,3724.34,4548.01,0.0,0.0,0,0,0.0,0.0,0,0.0,3539.67,0,540.2800000000002
55124,LUCKNOW-NER-DIVISION-ENGINEERING/NORTH EASTERN RLY,2/1/2024,Execution,Comp_L,4631.0,3924.37,822,52 Kg,6241.46,4872.37,5949.33,0.0,0.0,0,0,0.0,0.0,0,0.0,4630.76,0,706.6300000000001
55125,BCT DIVISION-STORES/WESTERN RLY,2/5/2024,Supply,Comp_D,2030.0,1720.0,500,R260,2112.44,2065.0,2041.4,2029.6,0.0,0,0,0.0,0.0,0,0.0,0.0,0,310.0
55125,BCT DIVISION-STORES/WESTERN RLY,2/5/2024,Supply,Comp_D,2030.0,1720.0,500,R260,2112.44,2100.4,2041.4,2029.6,0.0,0,0,0.0,0.0,0,0.0,0.0,0,310.0
55126,LUCKNOW-NER-DIVISION-ENGINEERING/NORTH EASTERN RLY,2/6/2024,Supply,Comp_C,1770.0,1500.15,2000,60 Kg,1882.79,1919.48,1770.18,0.0,0.0,0,0,0.0,0.0,0,0.0,0.0,0,269.8499999999999
55126,LUCKNOW-NER-DIVISION-ENGINEERING/NORTH EASTERN RLY,2/6/2024,Supply,Comp_C,1680.0,1423.85,1500,52 Kg,1987.06,1876.55,1680.14,0.0,0.0,0,0,0.0,0.0,0,0.0,0.0,0,256.1500000000001
55126,LUCKNOW-NER-DIVISION-ENGINEERING/NORTH EASTERN RLY,2/6/2024,Supply,Comp_C,1770.0,1500.01,2698,R260,1976.64,1834.85,1770.01,0.0,0.0,0,0,0.0,0.0,0,0.0,0.0,0,269.99
55127,BRC-DIV/WESTERN RLY,2/12/2024,Supply,Comp_C,1786.0,1786.0,739,R260,2000.0,1850.0,1786.0,1850.0,0.0,0,0,0.0,0.0,0,0.0,0.0,0,0.0
55128,RATLAM-DIV/WESTERN RLY,2/19/2024,Supply,Comp_C,1816.0,1539.0,1500,52 Kg,2006.24,1982.4,1816.02,2336.4,0.0,0,0,0.0,0.0,0,0.0,0.0,0,277.0
55129,MUMBAI CENTRAL DIVISION-ENGINEERING/WESTERN RLY,2/20/2024,Execution,Comp_A,3699.0,3134.59,2806,R260,3698.82,3891.69,3885.96,4641.41,0.0,0,0,0.0,0.0,0,0.0,0.0,0,564.4099999999999
55129,MUMBAI CENTRAL DIVISION-ENGINEERING/WESTERN RLY,2/20/2024,Execution,Comp_A,3575.0,3029.8,1203,60 Kg,3575.16,3761.58,3756.05,4486.24,0.0,0,0,0.0,0.0,0,0.0,0.0,0,545.1999999999998
55129,MUMBAI CENTRAL DIVISION-ENGINEERING/WESTERN RLY,2/20/2024,Supply,Comp_A,2140.0,1813.87,4364,R260,2140.37,2251.98,2248.66,2685.81,0.0,0,0,0.0,0.0,0,0.0,0.0,0,326.1300000000001
55129,MUMBAI CENTRAL DIVISION-ENGINEERING/WESTERN RLY,2/20/2024,Supply,Comp_A,1963.0,1663.92,667,52 Kg,1963.43,2065.81,2062.77,2463.78,0.0,0,0,0.0,0.0,0,0.0,0.0,0,299.0799999999999
55129,MUMBAI CENTRAL DIVISION-ENGINEERING/WESTERN RLY,2/20/2024,Supply,Comp_A,2029.0,1719.55,1108,60 Kg,2029.07,2134.87,2131.73,2546.15,0.0,0,0,0.0,0.0,0,0.0,0.0,0,309.45000000000005
55130,JABALPUR DIVISION-ENGG/WEST CENTRAL RLY,2/20/2024,Execution,Comp_A,3295.0,2792.71,350,60 Kg,3295.4,3955.41,3365.97,3456.87,0.0,0,0,0.0,0.0,0,0.0,0.0,0,502.28999999999996
55130,JABALPUR DIVISION-ENGG/WEST CENTRAL RLY,2/20/2024,Supply,Comp_A,1922.0,1628.94,650,52 Kg,1922.15,2307.13,1963.32,3389.24,0.0,0,0,0.0,0.0,0,0.0,0.0,0,293.05999999999995
55130,JABALPUR DIVISION-ENGG/WEST CENTRAL RLY,2/20/2024,Supply,Comp_A,2033.0,1723.06,700,60 Kg,2033.21,2440.43,2076.76,2549.13,0.0,0,0,0.0,0.0,0,0.0,0.0,0,309.94000000000005
55130,JABALPUR DIVISION-ENGG/WEST CENTRAL RLY,2/20/2024,Supply,Comp_A,2479.0,2100.46,450,"R260
 CMB",2478.54,2974.95,2531.63,2435.65,0.0,0,0,0.0,0.0,0,0.0,0.0,0,378.53999999999996
55130,JABALPUR DIVISION-ENGG/WEST CENTRAL RLY,2/20/2024,Supply,Comp_A,2368.0,2006.96,3500,R260,2368.21,2842.53,2418.93,1976.89,0.0,0,0,0.0,0.0,0,0.0,0.0,0,361.03999999999996
55130,JABALPUR DIVISION-ENGG/WEST CENTRAL RLY,2/20/2024,Execution,Comp_A,3043.0,2578.93,450,52 Kg,3043.13,3652.62,3108.31,0.0,0.0,0,0,0.0,0.0,0,0.0,0.0,0,464.07000000000016
55130,JABALPUR DIVISION-ENGG/WEST CENTRAL RLY,2/20/2024,Execution,Comp_A,3251.0,2754.94,1300,R260,3250.82,3901.91,3320.45,3129.79,0.0,0,0,0.0,0.0,0,0.0,0.0,0,496.05999999999995
55130,JABALPUR DIVISION-ENGG/WEST CENTRAL RLY,2/20/2024,Execution,Comp_A,3361.0,2848.44,127,"R260
 CMB",3361.15,4034.33,3433.14,3343.4,0.0,0,0,0.0,0.0,0,0.0,0.0,0,512.56
55131,WALTAIR DIVISION-ENGG/EAST COAST RLY,2/27/2024,Supervision,Comp_B,1994.0,1690.0,1200,60 Kg,2275.0,0.0,2139.0,2286.0,0.0,0,0,0.0,0.0,0,0.0,0.0,0,304.0
55131,WALTAIR DIVISION-ENGG/EAST COAST RLY,2/27/2024,Supply,Comp_B,2037.0,1726.0,1200,R260,1875.0,0.0,2137.0,2308.0,0.0,0,0,0.0,0.0,0,0.0,0.0,0,311.0
55132,MUMBAI DIV/WESTERN RLY,2/28/2024,Supply,Comp_B,1918.0,1625.0,1200,R260,1870.0,0.0,1659.0,1890.0,0.0,0,0,0.0,0.0,0,0.0,0.0,0,293.0
55133,KHURDA ROAD DIVISION-ENGINEERING/ECOR,2/28/2024,Supervision,Comp_B,2372.0,2010.0,800,60 Kg,2214.0,0.0,0.0,2172.0,0.0,0,0,0.0,0.0,0,0.0,0.0,0,362.0
55134,KHURDA ROAD DIVISION-ENGINEERING/ECOR,2/28/2024,Supervision,Comp_B,2211.0,1874.0,2500,R260,2064.0,0.0,0.0,2024.0,0.0,0,0,0.0,0.0,0,0.0,0.0,0,337.0
